30064771072,128849018882,REACHING_DEF,"Console.WriteLine(""Manager starting work..."")"
30064771073,128849018882,REACHING_DEF,workers = WorkerFactory.CreateWorkers(this)
30064771074,68719476737,REACHING_DEF,WorkerFactory.CreateWorkers(this)
30064771074,30064771073,REACHING_DEF,WorkerFactory.CreateWorkers(this)
30064771074,128849018882,REACHING_DEF,WorkerFactory.CreateWorkers(this)
30064771075,128849018882,REACHING_DEF,_idx_ = 0
30064771076,128849018882,REACHING_DEF,_idx_ < workers.Count
30064771077,68719476741,REACHING_DEF,workers.Count
30064771077,30064771076,REACHING_DEF,workers.Count
30064771077,68719476742,REACHING_DEF,workers.Count
30064771077,68719476744,REACHING_DEF,workers.Count
30064771077,128849018882,REACHING_DEF,workers.Count
30064771078,128849018882,REACHING_DEF,worker = workers[_idx_++]
30064771079,68719476743,REACHING_DEF,workers[_idx_++]
30064771079,30064771078,REACHING_DEF,workers[_idx_++]
30064771079,68719476742,REACHING_DEF,workers[_idx_++]
30064771079,68719476744,REACHING_DEF,workers[_idx_++]
30064771079,128849018882,REACHING_DEF,workers[_idx_++]
30064771082,128849018883,REACHING_DEF,"Console.WriteLine($""Manager received notification: {message}"")"
30064771083,30064771082,REACHING_DEF,"$""Manager received notification: {message}"""
30064771083,128849018883,REACHING_DEF,"$""Manager received notification: {message}"""
30064771084,128849018884,REACHING_DEF,manager = new Manager()
30064771085,68719476749,REACHING_DEF,new Manager()
30064771085,30064771084,REACHING_DEF,new Manager()
30064771085,128849018884,REACHING_DEF,new Manager()
30064771086,128849018884,REACHING_DEF,manager.Run()
30064771087,128849018884,REACHING_DEF,"Console.WriteLine(""All work completed. Press any key to exit."")"
30064771088,128849018884,REACHING_DEF,Console.ReadKey()
30064771089,146028888064,REACHING_DEF,"$""[{workerName}] {text}"""
30064771089,128849018885,REACHING_DEF,"$""[{workerName}] {text}"""
30064771090,128849018886,REACHING_DEF,_notifier = notifier
30064771091,120259084297,REACHING_DEF,this._notifier
30064771091,30064771090,REACHING_DEF,this._notifier
30064771091,128849018886,REACHING_DEF,this._notifier
30064771092,128849018887,REACHING_DEF,"msg = Utilities.Helper.FormatMessage(""WorkerC"", ""Hi there, C here"")"
30064771093,68719476758,REACHING_DEF,"Utilities.Helper.FormatMessage(""WorkerC"", ""Hi there, C here"")"
30064771093,30064771092,REACHING_DEF,"Utilities.Helper.FormatMessage(""WorkerC"", ""Hi there, C here"")"
30064771093,128849018887,REACHING_DEF,"Utilities.Helper.FormatMessage(""WorkerC"", ""Hi there, C here"")"
30064771094,30064771093,REACHING_DEF,Utilities.Helper
30064771094,128849018887,REACHING_DEF,Utilities.Helper
30064771095,128849018887,REACHING_DEF,System.Console.WriteLine(msg)
30064771096,68719476761,REACHING_DEF,System.Console
30064771096,30064771095,REACHING_DEF,System.Console
30064771096,128849018887,REACHING_DEF,System.Console
30064771097,128849018887,REACHING_DEF,"_notifier.Notify(""WorkerC has finished processing."")"
30064771098,146028888065,REACHING_DEF,"new List<IWorker>
            {
                new WorkerA(notifier),
                new WorkerB(notifier),
                new WorkerC(notifier)
            }"
30064771098,128849018888,REACHING_DEF,"new List<IWorker>
            {
                new WorkerA(notifier),
                new WorkerB(notifier),
                new WorkerC(notifier)
            }"
68719476736,30064771072,REACHING_DEF,Console
68719476736,128849018882,REACHING_DEF,Console
68719476737,30064771079,REACHING_DEF,workers = WorkerFactory.CreateWorkers(this)
68719476737,30064771077,REACHING_DEF,workers = WorkerFactory.CreateWorkers(this)
68719476737,68719476742,REACHING_DEF,workers = WorkerFactory.CreateWorkers(this)
68719476737,30064771073,REACHING_DEF,workers = WorkerFactory.CreateWorkers(this)
68719476737,68719476744,REACHING_DEF,workers = WorkerFactory.CreateWorkers(this)
68719476737,128849018882,REACHING_DEF,workers = WorkerFactory.CreateWorkers(this)
68719476738,68719476739,REACHING_DEF,WorkerFactory
68719476738,30064771074,REACHING_DEF,WorkerFactory
68719476738,128849018882,REACHING_DEF,WorkerFactory
68719476739,120259084291,REACHING_DEF,this
68719476739,30064771074,REACHING_DEF,this
68719476739,128849018882,REACHING_DEF,this
68719476740,68719476741,REACHING_DEF,_idx_
68719476740,30064771075,REACHING_DEF,_idx_
68719476741,68719476745,REACHING_DEF,_idx_
68719476741,30064771077,REACHING_DEF,_idx_
68719476741,30064771076,REACHING_DEF,_idx_
68719476741,128849018882,REACHING_DEF,_idx_
68719476743,30064771078,REACHING_DEF,worker
68719476743,68719476746,REACHING_DEF,worker
68719476743,128849018882,REACHING_DEF,worker
68719476745,68719476741,REACHING_DEF,_idx_
68719476746,30064771081,REACHING_DEF,worker
68719476747,30064771083,REACHING_DEF,Console
68719476747,30064771082,REACHING_DEF,Console
68719476747,128849018883,REACHING_DEF,Console
68719476748,30064771083,REACHING_DEF,string message
68719476748,120259084293,REACHING_DEF,string message
68719476748,128849018883,REACHING_DEF,string message
68719476749,68719476751,REACHING_DEF,manager = new Manager()
68719476749,30064771084,REACHING_DEF,manager = new Manager()
68719476750,30064771085,REACHING_DEF,this
68719476750,128849018884,REACHING_DEF,this
68719476751,30064771086,REACHING_DEF,manager
68719476751,128849018884,REACHING_DEF,manager
68719476752,30064771087,REACHING_DEF,Console
68719476752,68719476753,REACHING_DEF,Console
68719476753,30064771088,REACHING_DEF,Console
68719476753,128849018884,REACHING_DEF,Console
68719476754,68719476755,REACHING_DEF,string workerName
68719476754,30064771089,REACHING_DEF,string workerName
68719476754,120259084295,REACHING_DEF,string workerName
68719476754,128849018885,REACHING_DEF,string workerName
68719476755,120259084296,REACHING_DEF,string text
68719476755,68719476754,REACHING_DEF,string text
68719476755,30064771089,REACHING_DEF,string text
68719476755,128849018885,REACHING_DEF,string text
68719476757,30064771091,REACHING_DEF,INotifier notifier
68719476757,30064771090,REACHING_DEF,INotifier notifier
68719476757,120259084298,REACHING_DEF,INotifier notifier
68719476757,128849018886,REACHING_DEF,INotifier notifier
68719476758,68719476761,REACHING_DEF,"msg = Utilities.Helper.FormatMessage(""WorkerC"", ""Hi there, C here"")"
68719476758,30064771092,REACHING_DEF,"msg = Utilities.Helper.FormatMessage(""WorkerC"", ""Hi there, C here"")"
68719476759,128849018887,REACHING_DEF,Utilities
68719476760,128849018887,REACHING_DEF,System
68719476761,30064771096,REACHING_DEF,msg
68719476761,30064771095,REACHING_DEF,msg
68719476761,128849018887,REACHING_DEF,msg
68719476762,30064771097,REACHING_DEF,_notifier
68719476762,128849018887,REACHING_DEF,_notifier
68719476763,30064771098,REACHING_DEF,this
68719476763,128849018888,REACHING_DEF,this
90194313216,30064771072,REACHING_DEF,"""Manager starting work..."""
90194313217,68719476740,REACHING_DEF,0
90194313217,30064771075,REACHING_DEF,0
90194313218,68719476748,REACHING_DEF,Manager received notification:
90194313218,30064771083,REACHING_DEF,Manager received notification:
90194313219,68719476752,REACHING_DEF,"""All work completed. Press any key to exit."""
90194313219,30064771087,REACHING_DEF,"""All work completed. Press any key to exit."""
90194313220,68719476754,REACHING_DEF,[
90194313220,68719476755,REACHING_DEF,[
90194313220,30064771089,REACHING_DEF,[
90194313221,68719476754,REACHING_DEF,]
90194313221,68719476755,REACHING_DEF,]
90194313221,30064771089,REACHING_DEF,]
90194313222,30064771093,REACHING_DEF,"""WorkerC"""
90194313223,30064771093,REACHING_DEF,"""Hi there, C here"""
90194313224,30064771097,REACHING_DEF,"""WorkerC has finished processing."""
111669149696,115964116992,REACHING_DEF,
111669149696,115964116993,REACHING_DEF,
111669149697,115964116994,REACHING_DEF,
111669149698,68719476739,REACHING_DEF,
111669149698,90194313217,REACHING_DEF,
111669149698,68719476742,REACHING_DEF,
111669149698,68719476745,REACHING_DEF,
111669149698,68719476746,REACHING_DEF,
111669149698,68719476741,REACHING_DEF,
111669149698,68719476744,REACHING_DEF,
111669149698,90194313216,REACHING_DEF,
111669149698,115964116995,REACHING_DEF,
111669149698,68719476736,REACHING_DEF,
111669149698,68719476738,REACHING_DEF,
111669149699,115964116997,REACHING_DEF,
111669149699,68719476747,REACHING_DEF,
111669149699,68719476748,REACHING_DEF,
111669149699,115964116996,REACHING_DEF,
111669149699,90194313218,REACHING_DEF,
111669149700,68719476750,REACHING_DEF,
111669149700,115964116998,REACHING_DEF,
111669149700,68719476752,REACHING_DEF,
111669149700,90194313219,REACHING_DEF,
111669149700,68719476751,REACHING_DEF,
111669149700,68719476753,REACHING_DEF,
111669149701,115964117000,REACHING_DEF,
111669149701,90194313221,REACHING_DEF,
111669149701,68719476755,REACHING_DEF,
111669149701,68719476754,REACHING_DEF,
111669149701,90194313220,REACHING_DEF,
111669149701,115964116999,REACHING_DEF,
111669149702,68719476757,REACHING_DEF,
111669149702,115964117001,REACHING_DEF,
111669149702,115964117002,REACHING_DEF,
111669149702,68719476756,REACHING_DEF,
111669149703,90194313222,REACHING_DEF,
111669149703,68719476759,REACHING_DEF,
111669149703,68719476762,REACHING_DEF,
111669149703,90194313224,REACHING_DEF,
111669149703,68719476761,REACHING_DEF,
111669149703,115964117003,REACHING_DEF,
111669149703,90194313223,REACHING_DEF,
111669149703,68719476760,REACHING_DEF,
111669149704,68719476763,REACHING_DEF,
111669149704,115964117004,REACHING_DEF,
111669149705,115964117005,REACHING_DEF,
111669149705,115964117006,REACHING_DEF,
111669149706,115964117008,REACHING_DEF,
111669149706,115964117007,REACHING_DEF,
111669149707,115964117009,REACHING_DEF,
111669149707,115964117010,REACHING_DEF,
111669149708,115964117011,REACHING_DEF,
111669149708,115964117012,REACHING_DEF,
111669149709,115964117014,REACHING_DEF,
111669149709,115964117013,REACHING_DEF,
111669149710,115964117015,REACHING_DEF,
111669149710,115964117016,REACHING_DEF,
111669149711,115964117017,REACHING_DEF,
111669149712,115964117018,REACHING_DEF,
111669149713,115964117022,REACHING_DEF,
111669149713,115964117019,REACHING_DEF,
111669149713,115964117021,REACHING_DEF,
111669149713,115964117020,REACHING_DEF,
111669149714,115964117023,REACHING_DEF,
111669149715,115964117024,REACHING_DEF,
111669149716,115964117025,REACHING_DEF,
115964116992,120259084288,REACHING_DEF,this
115964116992,128849018880,REACHING_DEF,this
115964116993,120259084289,REACHING_DEF,message
115964116993,128849018880,REACHING_DEF,message
115964116994,120259084290,REACHING_DEF,this
115964116994,128849018881,REACHING_DEF,this
115964116995,120259084291,REACHING_DEF,this
115964116995,68719476739,REACHING_DEF,this
115964116996,120259084292,REACHING_DEF,this
115964116996,120259084292,REACHING_DEF,this
115964116996,128849018883,REACHING_DEF,this
115964116997,68719476748,REACHING_DEF,message
115964116997,120259084293,REACHING_DEF,message
115964116998,120259084294,REACHING_DEF,args
115964116998,120259084294,REACHING_DEF,args
115964116998,128849018884,REACHING_DEF,args
115964116999,68719476754,REACHING_DEF,workerName
115964116999,120259084295,REACHING_DEF,workerName
115964117000,120259084296,REACHING_DEF,text
115964117000,68719476755,REACHING_DEF,text
115964117001,68719476756,REACHING_DEF,this
115964117001,120259084297,REACHING_DEF,this
115964117001,120259084297,REACHING_DEF,this
115964117001,128849018886,REACHING_DEF,this
115964117002,68719476757,REACHING_DEF,notifier
115964117002,120259084298,REACHING_DEF,notifier
115964117003,120259084299,REACHING_DEF,this
115964117003,120259084299,REACHING_DEF,this
115964117003,128849018887,REACHING_DEF,this
115964117004,120259084300,REACHING_DEF,notifier
115964117004,120259084300,REACHING_DEF,notifier
115964117004,128849018888,REACHING_DEF,notifier
115964117005,120259084301,REACHING_DEF,p0
115964117005,128849018889,REACHING_DEF,p0
115964117006,120259084302,REACHING_DEF,p1
115964117006,128849018889,REACHING_DEF,p1
115964117007,120259084303,REACHING_DEF,p1
115964117007,128849018890,REACHING_DEF,p1
115964117008,120259084304,REACHING_DEF,p2
115964117008,128849018890,REACHING_DEF,p2
115964117009,120259084305,REACHING_DEF,p0
115964117009,128849018891,REACHING_DEF,p0
115964117010,120259084306,REACHING_DEF,p1
115964117010,128849018891,REACHING_DEF,p1
115964117011,120259084307,REACHING_DEF,p1
115964117011,128849018892,REACHING_DEF,p1
115964117012,120259084308,REACHING_DEF,p2
115964117012,128849018892,REACHING_DEF,p2
115964117013,120259084309,REACHING_DEF,p1
115964117013,128849018893,REACHING_DEF,p1
115964117014,120259084310,REACHING_DEF,p2
115964117014,128849018893,REACHING_DEF,p2
115964117015,120259084311,REACHING_DEF,p1
115964117015,128849018894,REACHING_DEF,p1
115964117016,120259084312,REACHING_DEF,p2
115964117016,128849018894,REACHING_DEF,p2
115964117017,120259084313,REACHING_DEF,p1
115964117017,128849018895,REACHING_DEF,p1
115964117018,120259084314,REACHING_DEF,p0
115964117018,128849018896,REACHING_DEF,p0
115964117019,120259084315,REACHING_DEF,p1
115964117019,128849018897,REACHING_DEF,p1
115964117020,120259084316,REACHING_DEF,p2
115964117020,128849018897,REACHING_DEF,p2
115964117021,120259084317,REACHING_DEF,p3
115964117021,128849018897,REACHING_DEF,p3
115964117022,120259084318,REACHING_DEF,p4
115964117022,128849018897,REACHING_DEF,p4
115964117023,120259084319,REACHING_DEF,p0
115964117023,128849018898,REACHING_DEF,p0
115964117024,120259084320,REACHING_DEF,p0
115964117024,128849018899,REACHING_DEF,p0
115964117025,120259084321,REACHING_DEF,p0
115964117025,128849018900,REACHING_DEF,p0
146028888064,128849018885,REACHING_DEF,<RET>
146028888065,128849018888,REACHING_DEF,<RET>
