115964116992,120259084288,PARAMETER_LINK
115964116993,120259084289,PARAMETER_LINK
115964116994,120259084290,PARAMETER_LINK
115964116995,120259084291,PARAMETER_LINK
115964116996,120259084292,PARAMETER_LINK
115964116997,120259084293,PARAMETER_LINK
115964116998,120259084294,PARAMETER_LINK
115964116999,120259084295,PARAMETER_LINK
115964117000,120259084296,PARAMETER_LINK
115964117001,120259084297,PARAMETER_LINK
115964117002,120259084298,PARAMETER_LINK
115964117003,120259084299,PARAMETER_LINK
115964117004,120259084300,PARAMETER_LINK
115964117005,120259084301,PARAMETER_LINK
115964117006,120259084302,PARAMETER_LINK
115964117007,120259084303,PARAMETER_LINK
115964117008,120259084304,PARAMETER_LINK
115964117009,120259084305,PARAMETER_LINK
115964117010,120259084306,PARAMETER_LINK
115964117011,120259084307,PARAMETER_LINK
115964117012,120259084308,PARAMETER_LINK
115964117013,120259084309,PARAMETER_LINK
115964117014,120259084310,PARAMETER_LINK
115964117015,120259084311,PARAMETER_LINK
115964117016,120259084312,PARAMETER_LINK
115964117017,120259084313,PARAMETER_LINK
115964117018,120259084314,PARAMETER_LINK
115964117019,120259084315,PARAMETER_LINK
115964117020,120259084316,PARAMETER_LINK
115964117021,120259084317,PARAMETER_LINK
115964117022,120259084318,PARAMETER_LINK
115964117023,120259084319,PARAMETER_LINK
115964117024,120259084320,PARAMETER_LINK
115964117025,120259084321,PARAMETER_LINK
