73014444032,IMPORT,using System;,0,,System,System,,,0,,,1
73014444033,IMPORT,using System.Collections.Generic;,0,,Generic,System.Collections.Generic,,,1,,,2
73014444034,IMPORT,using System;,0,,System,System,,,0,,,1
73014444035,IMPORT,using System.Collections.Generic;,0,,Generic,System.Collections.Generic,,,0,,,1
73014444036,IMPORT,using System;,0,,System,System,,,1,,,1
73014444037,IMPORT,using System.Reflection;,0,,Reflection,System.Reflection,,,2,,,2
73014444038,IMPORT,using System;,0,,System,System,,,9,,,1
73014444039,IMPORT,using System.Reflection;,0,,Reflection,System.Reflection,,,10,,,2
73014444040,IMPORT,global using global::System;,0,,<empty>,<empty>,,,1,,,1
73014444041,IMPORT,global using global::System.Collections.Generic;,0,,Generic,<empty>.Collections.Generic,,,2,,,2
73014444042,IMPORT,global using global::System.IO;,0,,IO,<empty>.IO,,,3,,,3
73014444043,IMPORT,global using global::System.Linq;,0,,Linq,<empty>.Linq,,,4,,,4
73014444044,IMPORT,global using global::System.Net.Http;,0,,Http,<empty>.Net.Http,,,5,,,5
73014444045,IMPORT,global using global::System.Threading;,0,,Threading,<empty>.Threading,,,6,,,6
73014444046,IMPORT,global using global::System.Threading.Tasks;,0,,Tasks,<empty>.Threading.Tasks,,,7,,,7
73014444047,IMPORT,using System;,0,,System,System,,,1,,,1
73014444048,IMPORT,using System.Reflection;,0,,Reflection,System.Reflection,,,2,,,2
73014444049,IMPORT,using System;,0,,System,System,,,9,,,1
73014444050,IMPORT,using System.Reflection;,0,,Reflection,System.Reflection,,,10,,,2
73014444051,IMPORT,global using global::System;,0,,<empty>,<empty>,,,1,,,1
73014444052,IMPORT,global using global::System.Collections.Generic;,0,,Generic,<empty>.Collections.Generic,,,2,,,2
73014444053,IMPORT,global using global::System.IO;,0,,IO,<empty>.IO,,,3,,,3
73014444054,IMPORT,global using global::System.Linq;,0,,Linq,<empty>.Linq,,,4,,,4
73014444055,IMPORT,global using global::System.Net.Http;,0,,Http,<empty>.Net.Http,,,5,,,5
73014444056,IMPORT,global using global::System.Threading;,0,,Threading,<empty>.Threading,,,6,,,6
73014444057,IMPORT,global using global::System.Threading.Tasks;,0,,Tasks,<empty>.Threading.Tasks,,,7,,,7
