128849018880,METHOD_RETURN,RET,8,,BY_VALUE,4,,,5,,System.Void
128849018881,METHOD_RETURN,RET,8,,BY_VALUE,4,,,4,,System.Void
128849018882,METHOD_RETURN,RET,15,,BY_VALUE,7,,,4,,System.Void
128849018883,METHOD_RETURN,RET,15,,BY_VALUE,20,,,5,,System.Void
128849018884,METHOD_RETURN,RET,15,,BY_VALUE,6,,,5,,System.Void
128849018885,METHOD_RETURN,RET,22,,BY_VALUE,4,,,6,,System.String
128849018886,METHOD_RETURN,RET,8,,BY_VALUE,6,,,6,,System.Void
128849018887,METHOD_RETURN,RET,15,,BY_VALUE,11,,,4,,System.Void
128849018888,METHOD_RETURN,RET,22,,BY_VALUE,6,,,5,,IEnumerable
128849018889,METHOD_RETURN,RET,,,BY_VALUE,,,,2,,ANY
128849018890,METHOD_RETURN,RET,,,BY_VALUE,,,,2,,ANY
128849018891,METHOD_RETURN,RET,,,BY_VALUE,,,,2,,ANY
128849018892,METHOD_RETURN,RET,,,BY_VALUE,,,,2,,ANY
128849018893,METHOD_RETURN,RET,,,BY_VALUE,,,,2,,ANY
128849018894,METHOD_RETURN,RET,,,BY_VALUE,,,,2,,ANY
128849018895,METHOD_RETURN,RET,,,BY_VALUE,,,,2,,ANY
128849018896,METHOD_RETURN,RET,,,BY_VALUE,,,,2,,ANY
128849018897,METHOD_RETURN,RET,,,BY_VALUE,,,,2,,ANY
128849018898,METHOD_RETURN,RET,,,BY_VALUE,,,,2,,ANY
128849018899,METHOD_RETURN,RET,,,BY_VALUE,,,,2,,ANY
128849018900,METHOD_RETURN,RET,,,BY_VALUE,,,,2,,ANY
