133143986176,MODIFIER,<empty>,4,2,PUBLIC,,,1
133143986177,MODIFIER,<empty>,8,4,INTERNAL,,,4
133143986178,MODIFIER,<empty>,4,2,PUBLIC,,,1
133143986179,MODIFIER,<empty>,8,4,INTERNAL,,,3
133143986180,MODIFIER,<empty>,4,5,PUBLIC,,,1
133143986181,MODIFIER,<empty>,8,7,PUBLIC,,,3
133143986182,MODIFIER,<empty>,8,20,PUBLIC,,,4
133143986183,MODIFIER,<empty>,4,4,INTERNAL,,,1
133143986184,MODIFIER,<empty>,8,6,INTERNAL,,,3
133143986185,MODIFIER,<empty>,8,6,STATIC,,,4
133143986186,MODIFIER,<empty>,4,2,PUBLIC,,,1
133143986187,MODIFIER,<empty>,4,2,STATIC,,,2
133143986188,MODIFIER,<empty>,8,4,PUBLIC,,,4
133143986189,MODIFIER,<empty>,8,4,STATIC,,,5
133143986190,MODIFIER,<empty>,4,2,PUBLIC,,,1
133143986191,MODIFIER,<empty>,8,4,PRIVATE,,,1
133143986192,MODIFIER,<empty>,8,4,READONLY,,,2
133143986193,MODIFIER,<empty>,8,6,PUBLIC,,,4
133143986194,MODIFIER,<empty>,8,6,CONSTRUCTOR,,,5
133143986195,MODIFIER,<empty>,8,11,PUBLIC,,,3
133143986196,MODIFIER,<empty>,4,4,PUBLIC,,,1
133143986197,MODIFIER,<empty>,4,4,STATIC,,,2
133143986198,MODIFIER,<empty>,8,6,PUBLIC,,,3
133143986199,MODIFIER,<empty>,8,6,STATIC,,,4
